"","deseq250","limma250"
"1","NTRK2","NTS"
"2","EXOC3L4","MAF"
"3","NTS","EXOC3L4"
"4","CALHM2","CALHM2"
"5","TOX2","NTRK2"
"6","LINC02328","GATA3"
"7","MAF","FGD2"
"8","COL6A3","CIITA"
"9","TRGV4","TMC8"
"10","SEPTIN1","CD7"
"11","CST1","TRPV2"
"12","TMC8","GBP5"
"13","IL12RB1","CCDC88B"
"14","LINC01215","SLCO1B3"
"15","CD180","LINC02328"
"16","TIFAB","XKR6"
"17","GATA3","GVINP1"
"18","AF131215.6","PLCB4"
"19","SLCO1B3","TMEM176B"
"20","TBC1D10C","PARVG"
"21","TRPV2","APOL2"
"22","ABI3","PLEKHF1"
"23","IL32","ADAP2"
"24","FGD2","BMP7"
"25","MYO1G","NCKAP1L"
"26","PTPRQ","IL12RB1"
"27","PARVG","CD180"
"28","CCDC88B","APOL4"
"29","GBP5","ABI3"
"30","CD248","IKZF1"
"31","GZMM","AF131215.6"
"32","TMEM156","DOK2"
"33","CARMIL2","SEPTIN1"
"34","CD7","FAM78A"
"35","DOK2","SFMBT2"
"36","TLL1","SIPA1"
"37","SEMA7A","APOE"
"38","NRN1","ADCY7"
"39","IKZF1","FMNL3"
"40","SPN","DAB2"
"41","AC008105.3","PARP14"
"42","SUCNR1","LINC01215"
"43","PTPN7","VASH1"
"44","AACSP1","VTCN1"
"45","CPXM2","DPP10"
"46","ACAP1","TLL1"
"47","BMP7","SEMA7A"
"48","MAP4K1","AC008105.3"
"49","ADCY7","HLA-DQA2"
"50","FGD5","PDGFA"
"51","NECAB1","SUCNR1"
"52","SLCO1B7","AL159141.1"
"53","ASB2","DOCK10"
"54","CPVL","CD40LG"
"55","TMEM176B","COL6A3"
"56","DAB2","ACAP1"
"57","SIPA1","CALHM6"
"58","CIITA","CYBB"
"59","PDGFA","GIMAP6"
"60","VASH1","HLA-DRA"
"61","CD40LG","MYO1G"
"62","UBD","TRIB2"
"63","DPP10","TBC1D10C"
"64","PCED1B-AS1","SP6"
"65","GVINP1","MAP4K1"
"66","RASAL3","FGD5"
"67","UBASH3A","PLXND1"
"68","AL159141.1","CD84"
"69","ARHGAP4","PRKCH"
"70","CPA3","KIF21B"
"71","SMTNL1","MYO7A"
"72","XKR6","CYBC1"
"73","DOCK10","RASAL3"
"74","TNIP3","ACP5"
"75","SOCS1","ARHGAP4"
"76","COL6A1","SLITRK6"
"77","NCR3","AACSP1"
"78","ZNF366","APOL3"
"79","TENM1","TRAF3IP3"
"80","FMNL3","AL365361.1"
"81","FAM78A","KIFC3"
"82","SLC26A5","UBASH3A"
"83","RENBP","CAPG"
"84","IVL","CD74"
"85","DPYS","ZAP70"
"86","TRBC2","IRF8"
"87","ADRA2B","GIMAP4"
"88","ADAP2","CD248"
"89","SLC8A1","AC005224.3"
"90","AL132642.1","GPR35"
"91","CORO1A","TOX2"
"92","ZAP70","P2RX7"
"93","FN1","TRAF1"
"94","GABRQ","TRIM69"
"95","CALHM6","CXCR3"
"96","AC004151.1","CARMIL2"
"97","ITGAL","RAB24"
"98","COTL1","SMTNL1"
"99","SIRPG","SPN"
"100","APOE","SLC8A1"
"101","PARP14","TPSAB1"
"102","TLR10","CPVL"
"103","LTB","CD2"
"104","HLA-DQA1","SLC26A5"
"105","HLA-DPB1","CORO1A"
"106","KHDRBS2","ZNF831"
"107","GAB3","HLA-DMB"
"108","RAB39B","RENBP"
"109","SIT1","EDARADD"
"110","TRAF1","ZDHHC14"
"111","DBH-AS1","GIMAP1"
"112","RET","HLA-F"
"113","NCKAP1L","IL32"
"114","TRAV12-2","HLA-DPB1"
"115","DPF3","TMEM156"
"116","IL21R","PML"
"117","SNX20","NECAB1"
"118","MTRNR2L1","CHST3"
"119","AC015911.7","ARHGEF1"
"120","SP6","DOCK2"
"121","PLEKHF1","COTL1"
"122","APOL4","SYT11"
"123","RAB24","TRANK1"
"124","HLA-DQB2","LAIR1"
"125","CD1D","EVL"
"126","TRAF3IP3","RUNX3"
"127","CXCR3","HLA-DPA1"
"128","TESC","TENM1"
"129","RNF17","TRPM2"
"130","IKZF3","EYA1"
"131","JAK3","HLA-DRB6"
"132","RUNX3","CETP"
"133","CETP","SOCS1"
"134","PLEKHO1","GZMM"
"135","IRF8","FAM189A2"
"136","HS3ST3A1","USP20"
"137","AP003471.1","PTPN7"
"138","SLC25A47","ETV7"
"139","TRIM69","HEXD"
"140","PSTPIP1","ITGB7"
"141","KIF21B","PTPRQ"
"142","NPFFR1","GABRQ"
"143","LIMD2","KRT8P3"
"144","APOL2","CST1"
"145","AOAH-IT1","APOL1"
"146","TPSAB1","PCDHB8"
"147","GIMAP4","AF131215.5"
"148","KIFC3","ID2"
"149","TTC24","ARRDC5"
"150","TRAC","FCHSD1"
"151","AF131215.4","PAG1"
"152","WNT1","FNBP1"
"153","PLA2G7","RGPD2"
"154","CCND2","TRBC2"
"155","SASH3","PLA2G7"
"156","AC139495.2","AL512408.1"
"157","ANKRD29","CCR5"
"158","AJ239328.1","RNF17"
"159","NCR1","GAB3"
"160","ANXA6","LPXN"
"161","LINC01934","LIMD2"
"162","VTCN1","GFI1"
"163","LPXN","TRAC"
"164","TRPM2","GRB10"
"165","TRIB2","HLA-DMA"
"166","HLA-DQA2","NPFFR1"
"167","ZSCAN1","MAFB"
"168","GBGT1","SLCO1B7"
"169","AP000424.1","SIT1"
"170","SFMBT2","HLA-E"
"171","CD3D","PSTPIP1"
"172","FERMT3","MT1XP1"
"173","AL157871.2","GBP2"
"174","CYBC1","A2M"
"175","MFNG","GIMAP8"
"176","LGR6","PCED1B-AS1"
"177","ATP5MC2P3","CSMD1"
"178","PLCB4","NRN1"
"179","MIAT","TSHZ2"
"180","CCR5","ETS1"
"181","CYSLTR2","CYSLTR2"
"182","RGPD2","AC004151.1"
"183","SOWAHD","TRGV4"
"184","LINC01588","GBP1"
"185","DOCK2","AOAH-IT1"
"186","POSTN","LINC01517"
"187","CD2","CLIP2"
"188","HEXD","RELL2"
"189","FAM189A2","AF127936.1"
"190","USP20","TESC"
"191","NDST2","WASF3"
"192","P2RX7","SLC2A6"
"193","AL512378.1","GBGT1"
"194","MSC","PLEKHO1"
"195","GNGT2","TIFAB"
"196","LINC00299","ANXA6"
"197","AC136475.3","NDST2"
"198","MYO7A","CD52"
"199","SLC16A12","CNTN3"
"200","SLC24A4","RNF213"
"201","AL023653.2","UGT2A1"
"202","AL512408.1","ESRRB"
"203","AL365361.1","CD1D"
"204","GFI1","AL157871.2"
"205","LINC00885","PLCE1"
"206","CAPG","AC117464.1"
"207","CD79B","SCHIP1"
"208","SCHIP1","CD244"
"209","HLA-DRA","CPA3"
"210","PNMA3","HLA-DRB5"
"211","ZDHHC14","AP000424.1"
"212","LINC02694","JAK3"
"213","RNF166","TTC24"
"214","SECTM1","SLCO2B1"
"215","AC004585.1","TFEC"
"216","GBP4","PIM1"
"217","BEND4","TNIP3"
"218","TNFRSF9","SECTM1"
"219","MT1XP1","GLS"
"220","AC100858.3","MPEG1"
"221","AC138207.5","WNT1"
"222","ZNF826P","AF131215.4"
"223","LINC01517","HAVCR2"
"224","STXBP5L","AC138207.5"
"225","AGAP2","AC139769.1"
"226","PRKCH","RCSD1"
"227","HOTAIRM1","NLRC5"
"228","CSMD1","CYP2B6"
"229","AP003119.3","SNX20"
"230","GPR35","C1QC"
"231","AC022034.3","SASH3"
"232","APOL3","MEI1"
"233","CD247","PPP2R2B"
"234","C6","CXCR6"
"235","UNC13D","IKZF3"
"236","ACP5","GBP4"
"237","RGS19","LMCD1"
"238","GBP1","ITGAL"
"239","GPR174","PIEZO2"
"240","ARHGEF1","TNFRSF14"
"241","IL23R","HERC2P2"
"242","RCSD1","GIMAP5"
"243","BTLA","SLC25A47"
"244","AC005224.3","PIK3R6"
"245","FASLG","MT1G"
"246","ZNF831","MSR1"
"247","CD74","AC083837.1"
"248","MRO","SOWAHD"
"249","CNTN3","TGFBI"
"250","NAPSB","ZDHHC15"
