"","ctrl_deseq","ctrl_limma","LPS_deseq","LPS_limma"
"1","IGHG4","NPR1","IGHG4","IGHG4"
"2","ITGA4","IGHG4","MEOX1","BTNL9"
"3","MARK1","IGHA2","IGHA1","IGHA2"
"4","NPR1","ITGA4","BTNL9","JAZF1"
"5","SH3PXD2B","TEX9","IGHA2","PARM1"
"6","SCG5","IGHA1","KLHL9","ADAM12"
"7","KCNN3","IGLC7","IGHV3-74","IGHA1"
"8","TEX9","MARK1","TEX9","LINC01781"
"9","CCL22","CCL22","COCH","MARK1"
"10","IGHA1","KCNN3","GPR55","TEX9"
"11","KLHL9","IGHGP","JAZF1","FAM149A"
"12","TMEM132A","ALOX15B","PPP1R21","COCH"
"13","CERKL","ENAM","CERKL","MEOX1"
"14","LRRC38","SH3PXD2B","IGKV2D-29","ENAM"
"15","IGLC7","LINC02768","ENAM","CCN2"
"16","MUCL1","ADAM12","ITGA4","IGHV3-74"
"17","SLF2","MTARC2","ADAM12","IGHG2"
"18","SNHG31","IGHG2","IGLV1-51","IGLV10-54"
"19","C1QTNF1","RAI14","CYB561D1","IGHGP"
"20","IGHA2","SCG5","MIR9-3HG","IGHG1"
"21","ALOX15B","MZB1","FBXO32","GPR55"
"22","IGLV2-18","CERKL","APOBEC3H","CERKL"
"23","NUP133","IGSF3","FAM149A","AICDA"
"24","MZB1","COL5A1","MZB1","IGHV3-72"
"25","LINC02768","IGKV2D-24","METTL2B","ITGA4"
"26","DPYSL3","IGLV2-23","IGLV10-54","COL5A1"
"27","RPP30","IGHV3-74","PARM1","IGLV2-23"
"28","ZNF845","ANKLE1","IGKV2-30","MRC2"
"29","IGKV2-24","MCEMP1","SCG3","IGHJ2"
"30","CA12","DPYSL3","IGHGP","UCHL1"
"31","TNFRSF9","IGLV10-54","IGLV2-23","IGLV2-11"
"32","ZSWIM4","CSNK1E","IGKV1-6","IGLV2-8"
"33","SLC12A5-AS1","SEMA7A","TIGIT","IGLV7-43"
"34","ANKLE1","IGLV2-18","CD84","IL17F"
"35","MTARC2","MMP7","IGHV3-66","NCAN"
"36","SLC25A37","IGLV1-36","RPS2P7","IGHV3-64"
"37","COCH","AKR1C1","NCK1","IGLC2"
"38","IL6","LRRC38","KIAA1671","IRAG1"
"39","IGKV1-6","MYBL2","MRC2","IGLV2-14"
"40","IGHGP","IGKV1-27","ZNF683","S100Z"
"41","SLC1A2","LINC01781","CCR4","MTND4P24"
"42","ENAM","CCN2","SCART1","TGFB2"
"43","MCEMP1","IGKV3D-20","STYK1","NPR1"
"44","FURIN","IGHV3-72","ST8SIA1","MIR9-3HG"
"45","VPS50","KLHL9","FHDC1","MNS1"
"46","RPL10P9","FOXP3","TMEM219","IGLV1-47"
"47","CSNK1E","GCSIR","ADK","IGLV3-21"
"48","EPOP","IGKV1-6","TPSB2","IGLL5"
"49","IGSF3","ZSWIM4","WDR5B","IGLV2-18"
"50","HTRA3","SLC1A2","IGLC2","PEG10"
"51","IGKV2D-24","SLC7A11-AS1","IGHV3-33","KLHL9"
"52","ADAM12","IGLV2-8","IGHV3-7","IGHV3-33"
"53","IGHV3-74","LINC01484","HLA-DQB1","SMTNL2"
"54","GCNT1","IGLV2-14","ZNF396","IGKV1D-16"
"55","MSANTD3","MEOX1","IGHG2","LINC01644"
"56","SCIN","PTGR1","CCL3-AS1","HNF1B"
"57","TGM3","IGLV3-21","MLLT1","PLPP2"
"58","SMPD2","IGLV7-43","DDIT3","IGHV5-51"
"59","MEI1","MIXL1","RNF8","IGHV3-53"
"60","TIGD2","FAM177B","CCR5AS","IGLV7-46"
"61","CCM2L","IGLV1-44","LERFS","IGKV2D-29"
"62","SLCO4A1","IGLC2","ITPKB","METTL2B"
"63","MAP1LC3A","IGKV3D-11","GASK1B","IGHV3-13"
"64","IGLV1-51","SLC12A5-AS1","CXCR3","IGHV3-7"
"65","INHBA","COCH","IGHV3-13","IGKV2-30"
"66","INSM1","LAD1","IGLL5","IGLV1-51"
"67","SLC24A3","MNS1","ZNF25","SCART1"
"68","TNIP3","SLCO4A1","TMEM9B-AS1","IGLV1-36"
"69","HES1","NCCRP1","HNF1B","FBXO32"
"70","C2CD4B","RPL17P50","IL17F","HRK"
"71","IGLV2-23","HNF1B","IRAK4","RPS2P7"
"72","LAPTM4B","IGHG1","IL21-AS1","IGKV2D-24"
"73","LINC02541","IGLV2-11","TRIM2","EYA2"
"74","HAS1","PDPN","IGLV7-43","TMLHE"
"75","IGLV1-36","IGHE","GCSIR","RNF32-DT"
"76","IL1A","SCN7A","CCN2","LINC00511"
"77","GPR55","LINC01182","LIN7C","SPDYE6"
"78","ST3GAL2","PLPP2","TNFSF11","ZYG11A"
"79","VSTM4","VSTM4","CD300LB","GCSIR"
"80","MMP7","IGHD4-23","IGLV2-11","IGKV1-27"
"81","DLL4","IGLV1-47","COPZ2","LINC01480"
"82","IGLV7-43","STEAP3","RNF32-DT","IGLV1-44"
"83","HLA-DRB6","BCAR3","ZNF358","MZB1"
"84","SEMA7A","IGKV1-16","MIR155HG","LINC01013"
"85","PDPN","HES1","PLAAT4","STYK1"
"86","TREM1","GPR55","MMD","ZNF396"
"87","MIXL1","CA12","CYP4F29P","IGHV3-69-1"
"88","LINC01182","IGHV5-51","NR1H3","SLITRK5"
"89","PDSS1","FBN1","HOMER2","MLLT1"
"90","SOCS3","NEDD8","EDEM1","HLA-DQB1"
"91","RAI14","IGKV1-9","FAM110C","IGHJ1P"
"92","ADTRP","SHISA8","FLT4","CYB561D1"
"93","PKD1P5","MOXD1","FANCI","FLT4"
"94","SLC28A3","FNBP1L","PEG10","IGHE"
"95","STEAP3","MEI1","IGKV6-21","LIAT1"
"96","MAS1","FURIN","IGLC3","IGKV1-16"
"97","IL36B","HTRA3","ACP2","IGKV1-6"
"98","IGLV10-54","IGLV1-40","CLHC1","LINC01484"
"99","COL5A1","TVP23A","MT-TP","IGHV3-66"
"100","PTGS2","IGKV2-30","IGLV1-47","TRIM2"
"101","NEDD8","FSCN1","IGLV7-46","DDIT3"
"102","NCCRP1","SMPD2","GSKIP","ZNF358"
"103","DOCK11","GNG8","DNAI3","SCARB1"
"104","AKR1C1","IGLV1-51","NAA50","IGLV1-40"
"105","FAM177B","IGHV3-66","NT5C3B","MYT1"
"106","IGLV2-14","DUOXA1","DENND2D","SYBU"
"107","HACD1","CCL17","MSL2","MIR8071-2"
"108","IL22","NANOS3","TRAV17","CCR4"
"109","APOBEC3H","HRK","CCL24","ZNF25"
"110","GNG8","TSPAN13","BIN2","IGLV3-25"
"111","IGHG2","RPL23AP93","AICDA","POF1B"
"112","PRMT1","ZNF608","TWIST1","ERCC6L2-AS1"
"113","TVP23A","IGHV3-7","METTL14","IGKV2D-40"
"114","SLC9A7P1","LAPTM4B","GPR174","COPZ2"
"115","CCN2","SCART1","EOMES","IGHV3-43"
"116","RELB","ALPL","CLMP","WASH5P"
"117","IGKV1-27","IGKV6-21","ZNF641","CYP4F29P"
"118","IL1B","MSANTD3","ERCC6L2-AS1","RFX2"
"119","SNX9","GCNT1","HLA-DRB5","IGHV1-24"
"120","NTNG1","SPRY1","IGHV3-72","CD84"
"121","DDIT4","IGHV1-24","IGHV3-43","RORC"
"122","MARCKSL1","IGKV1-12","HLA-DPA3","MT-TP"
"123","ZNF765","EBI3","WASH5P","PRKXP1"
"124","LINC03086","NTN4","PPCS","FHDC1"
"125","IGKV2D-29","INSM1","PKD1P5","TTC36-AS1"
"126","TMEM87A","LINC00942","FAM81A","IGHV6-1"
"127","EBI3","TMEM158","PIP4K2C","TCL6"
"128","IGLV5-45","IL36G","FTH1P22","IL21-AS1"
"129","IGKV1-9","TXLNB","SCARB1","PPP1R21"
"130","LAD1","BTNL9","NR4A1","IGHJ4"
"131","WNT5A","SLF2","ASMTL","NCK1"
"132","GLIS3","ZNF845","RCAN2","SYT4"
"133","SHLD2","IGHV3-33","TMLHE","SLC2A5"
"134","CCL24","IGHV3-13","IGLV3-21","SYNE3-AS1"
"135","PTGR1","MIR8071-2","TRGC2","FAM81A"
"136","CCL20","LINC00158","LINC01694","IGKV3-7"
"137","MMP14","IGLL5","LINC01781","L1TD1"
"138","NTN4","RPP30","H3C10","HOMER2"
"139","TRIP10","IGHV6-1","RASSF2","IGKV1-12"
"140","FNBP1L","MAS1","COL1A1","GALNT8"
"141","CGN","IGLV7-46","CRACDL","LINC00173"
"142","IGLV2-11","IGLV3-25","BTN3A3","FOXP3"
"143","SCART1","IGKV1-5","GYG1","CRACDL"
"144","LINC01484","IGKV4-1","NPR1","PPCS"
"145","VNN1","GAS6-AS1","RCC2","IGKV4-1"
"146","WDR5B","GPR68","TRAV39","KCNN3"
"147","CYTL1","IGKV3-15","CPSF6","LRRC32"
"148","CPXM1","IGHV1-69","GALNT8","AFMID"
"149","TNFAIP8L2","FANK1","FURIN","TK1"
"150","LINC01705","CHRNA3","MICU3","BLACE"
"151","LINC01781","IGHV3-30","FAM241A","CHIT1"
"152","CD46","PARM1","EFHC2","MTARC2"
"153","KLF3","IGHV3-53","GNL1","NUTM2F"
"154","PANX2","SH3BP5","IGKV1-12","IGHV3-49"
"155","CLGN","TRIP10","SPDYE6","IGKV1-5"
"156","IGKV2-30","CD1A","TMEM178B","IGHV2-70"
"157","RAD51AP1","ST3GAL2","TRGV8","IGHD6-25"
"158","OLFM3","VPS50","LINC01644","CDH1"
"159","GPR68","IGLV9-49","S100Z","SLC4A10"
"160","IRAK4","SPSB1","IGHV3-53","IGLC3"
"161","FANK1","IGKV2-24","MARK1","ALPL"
"162","IGKV3D-11","SPRED2","IQGAP2","MOXD1"
"163","IGLV3-21","LUM","IGLV2-14","LINC02968"
"164","ATP13A3-DT","IGHV3-43","LINC02968","IGKV1-9"
"165","BMP2","LINC02532","SLC66A3","PLAAT4"
"166","KIF26B","TLE1","FKBP5","RNF8"
"167","RHBDD2","NTNG1","METTL8","SLC16A14"
"168","TGFA","LINC01705","WASHC5","ZNF385C"
"169","NANOS3","LINC02541","FOXP3","BHLHA15"
"170","SHISA8","TIGD2","PRAMENP","COLCA1"
"171","COL1A1","ANKRD33B","KLC2","CUTALP"
"172","C3","SIGLEC5","SH3BGRL2","ANO7"
"173","MCC","ACHE","PLAAT2","OACYLP"
"174","BCAR3","SLC9A7P1","LINC00511","LINC02947"
"175","KRT79","C1orf115","TOMM40","PLD5"
"176","NFKB2","IL17F","MYO1D","APOBEC3H"
"177","CXCL1","IGKV2D-29","ATF7IP","AP1S3"
"178","IGKV3D-20","FA2H","GJB6","ADK"
"179","MMP9","KIAA0319","PTPN13","NR2E3"
"180","IL36G","LTK","TBC1D22A","IGHV3-30"
"181","MAP4K4","COL24A1","FAM8A1","IGLV3-12"
"182","BCL6","CXCL6","SYBU","TNFSF11"
"183","JAZF1","MCC","UCHL1","IGHJ6"
"184","STRIP2","TCP10L2","SPINT2","EVA1A"
"185","SPRY1","SLC28A3","IGHG1","LINC01694"
"186","APAF1","SLC2A5","NSMCE1-DT","WDR5B"
"187","CAV1","TRPV3","LINC02384","RPL36A-HNRNPH2"
"188","TNIP1","ARL14","PLPP2","CLMP"
"189","MS4A4E","SLC24A3","XCL2","DENND2D"
"190","CLEC6A","FAM124A","SPATC1","MIR155HG"
"191","CSF3","TREM1","SHISA8","SLC22A3"
"192","SDC3","IGHV3-11","SDE2","SHISA8"
"193","CEP170B","PRMT1","TSPAN31","FANCI"
"194","CXCL8","LORICRIN","COMMD4","PXMP2"
"195","SLC7A11-AS1","LTBP2","LINC01480","SETD7"
"196","HNF1B","TMEM249","TRPS1","PLPP7"
"197","IGLC2","FBXO27","CDC37L1","IL17A"
"198","MAPRE3","ATP13A3-DT","ACVRL1","DERL3"
"199","IGLV1-47","ADTRP","KSR1","IGHV1-18"
"200","ZNF808","UPB1","IGKV1-5","LARGE2"
"201","SPG11","CPXM1","RANBP1","FSCN2"
"202","RECQL","RELB","CDH1","HLA-DQA2"
"203","FOXP3","IL2RA","SPRYD7","IGHV3-11"
"204","OSBPL3","MMP9","STAMBP","NAA50"
"205","LTBP2","SHLD2","ITM2C","TBX4"
"206","SNX14","CYTL1","CD3D","CBFA2T3"
"207","C1orf115","JAZF1","PNRC2","MAP2"
"208","IGFBP5","GPR141","PNMA2","RANBP1P1"
"209","UGCG","BHLHA15","ARID1B","MILIP"
"210","FBN1","GFAP","IGHV1-3","LMNA"
"211","RNF32-DT","FERMT2","LINC02086","ARL14"
"212","ERI2","MAPRE3","RFX2","NSMCE1-DT"
"213","NEFH","NFKB2","KMT2D","IGKV1D-39"
"214","UPB1","PYCR1","FANK1","CATSPERD"
"215","LINC00942","NFATC4","RAB27A","LINC01605"
"216","AKAP12","IGKV1-17","IGKV2D-40","IGHV3-23"
"217","CEPT1","TAMALIN","HRK","CD300LB"
"218","TMEM158","TMEM132A","SLAMF6","NEFH"
"219","OSM","SCIN","NINL","FUT10"
"220","SH3BP5","ATP1A4","COL5A1","IGKV2-24"
"221","FAM13B","IGLV5-37","SLC26A5","KCNQ1"
"222","FSCN1","KLF3","CRBN","IGHJ3"
"223","HSD11B1","CAV1","ANKRD20A11P","IGKV1-39"
"224","FAM124A","AK8","VWA5A","NR4A1"
"225","SPRED2","EHF","TIMM23B-AGAP6","TGIF2-RAB5IF"
"226","ADAMTSL1","SAMD14","CFB","GLYATL2"
"227","FZD6","CNR1","IGKV2-29","FANK1"
"228","MEOX1","IGHV3-15","MTARC2","TRGV8"
"229","CDH1","IFT74","SLA2","SMPD4P1"
"230","KCNN1","SYNPO","STK38","TIGIT"
"231","NCS1","UCHL1","SETD7","IGHV4-59"
"232","MLLT1","MTCL1","HENMT1","SOD1-DT"
"233","HMGA1","IGHV2-70D","NEFH","PIP5K1B"
"234","SLC7A11","MUCL1","SYNGR2","LINGO4"
"235","TXLNB","DLL4","THRB","SLC66A3"
"236","LRRC28","TCL1A","VPS26C","NAT8B"
"237","ZNF611","CCM2L","MT1B","CD70"
"238","GCSIR","HOMER2","ZNF385C","RASSF6"
"239","F3","IL6-AS1","CCDC85C","CHST3"
"240","SLC22A3","IGHV2-26","LINC01214","MACROD2"
"241","HOMER2","IGLON5","GPR173","CA8"
"242","IGHV3-33","LINC01644","ANKRD29","IGKV3-15"
"243","PDGFA","LINC02909","MT1F","UBE2QL1"
"244","GALM","NUP133","FGF13","TMEM219"
"245","IGLC3","NEPNP","FUBP1","MAML3"
"246","IGFN1","SLC44A3","ZNF226","CLDN14"
"247","RPS2P7","WNT10A","LINC01229","KCNK10"
"248","ENTHD1","COL1A1","HYDIN","TPST2"
"249","SELENOP","IGLV5-45","SLC4A10","MTARC1"
"250","ITGB8","CSF3","MAP6","RNF182"
